Changes made at Sat Aug  9 05:58:18 UTC 2025
Changes made at Thu Nov 20 13:42:44 UTC 2025
Changes made at Thu Nov 20 14:17:44 UTC 2025
Changes made at Thu Nov 20 16:22:14 UTC 2025
Changes made at Fri Nov 21 08:24:25 UTC 2025
Changes made at Fri Nov 21 10:18:13 UTC 2025
Changes made at Fri Nov 21 14:16:46 UTC 2025
Changes made at Fri Nov 21 16:21:37 UTC 2025
Changes made at Sat Nov 22 08:20:50 UTC 2025
Changes made at Sat Nov 22 10:16:29 UTC 2025
Changes made at Sat Nov 22 14:14:12 UTC 2025
Changes made at Sat Nov 22 16:19:03 UTC 2025
Changes made at Sun Nov 23 08:21:09 UTC 2025
Changes made at Sun Nov 23 10:16:28 UTC 2025
Changes made at Sun Nov 23 14:14:14 UTC 2025
Changes made at Sun Nov 23 16:19:14 UTC 2025
Changes made at Mon Nov 24 08:25:25 UTC 2025
Changes made at Mon Nov 24 10:19:53 UTC 2025
Changes made at Mon Nov 24 14:17:38 UTC 2025
Changes made at Mon Nov 24 16:20:02 UTC 2025
Changes made at Tue Nov 25 08:24:46 UTC 2025
Changes made at Tue Nov 25 10:20:40 UTC 2025
Changes made at Tue Nov 25 14:18:06 UTC 2025
Changes made at Tue Nov 25 16:23:35 UTC 2025
Changes made at Wed Nov 26 08:23:59 UTC 2025
Changes made at Wed Nov 26 10:19:59 UTC 2025
Changes made at Wed Nov 26 14:18:03 UTC 2025
Changes made at Wed Nov 26 16:22:05 UTC 2025
Changes made at Thu Nov 27 08:24:53 UTC 2025
Changes made at Thu Nov 27 10:19:49 UTC 2025
Changes made at Thu Nov 27 14:17:53 UTC 2025
Changes made at Thu Nov 27 16:21:03 UTC 2025
Changes made at Fri Nov 28 08:24:23 UTC 2025
Changes made at Fri Nov 28 10:19:35 UTC 2025
Changes made at Fri Nov 28 14:17:37 UTC 2025
Changes made at Fri Nov 28 16:21:04 UTC 2025
Changes made at Sat Nov 29 08:21:41 UTC 2025
Changes made at Sat Nov 29 10:17:02 UTC 2025
Changes made at Sat Nov 29 14:15:02 UTC 2025
Changes made at Sat Nov 29 16:20:04 UTC 2025
Changes made at Sun Nov 30 08:20:45 UTC 2025
Changes made at Sun Nov 30 10:16:59 UTC 2025
Changes made at Sun Nov 30 14:15:14 UTC 2025
Changes made at Sun Nov 30 16:19:51 UTC 2025
Changes made at Mon Dec  1 08:27:58 UTC 2025
Changes made at Mon Dec  1 10:21:06 UTC 2025
Changes made at Mon Dec  1 14:19:09 UTC 2025
Changes made at Mon Dec  1 16:25:01 UTC 2025
Changes made at Tue Dec  2 08:26:33 UTC 2025
Changes made at Tue Dec  2 10:20:08 UTC 2025
Changes made at Tue Dec  2 14:19:13 UTC 2025
Changes made at Tue Dec  2 16:24:35 UTC 2025
Changes made at Wed Dec  3 08:24:50 UTC 2025
Changes made at Wed Dec  3 10:20:37 UTC 2025
Changes made at Wed Dec  3 14:18:37 UTC 2025
Changes made at Wed Dec  3 16:25:32 UTC 2025
Changes made at Thu Dec  4 08:25:31 UTC 2025
Changes made at Thu Dec  4 10:20:48 UTC 2025
Changes made at Thu Dec  4 14:18:47 UTC 2025
Changes made at Thu Dec  4 16:25:38 UTC 2025
Changes made at Fri Dec  5 08:24:05 UTC 2025
Changes made at Fri Dec  5 10:19:17 UTC 2025
Changes made at Fri Dec  5 14:18:26 UTC 2025
Changes made at Fri Dec  5 16:22:51 UTC 2025
Changes made at Sat Dec  6 08:21:30 UTC 2025
Changes made at Sat Dec  6 10:16:54 UTC 2025
Changes made at Sat Dec  6 14:14:37 UTC 2025
Changes made at Sat Dec  6 16:19:55 UTC 2025
Changes made at Sun Dec  7 08:20:52 UTC 2025
Changes made at Sun Dec  7 10:16:01 UTC 2025
Changes made at Sun Dec  7 14:15:01 UTC 2025
Changes made at Sun Dec  7 16:19:16 UTC 2025
Changes made at Mon Dec  8 08:27:38 UTC 2025
Changes made at Mon Dec  8 10:20:16 UTC 2025
Changes made at Mon Dec  8 14:19:25 UTC 2025
Changes made at Mon Dec  8 16:23:55 UTC 2025
Changes made at Tue Dec  9 08:26:24 UTC 2025
Changes made at Tue Dec  9 10:21:30 UTC 2025
Changes made at Tue Dec  9 14:19:29 UTC 2025
Changes made at Tue Dec  9 16:24:24 UTC 2025
Changes made at Wed Dec 10 08:25:34 UTC 2025
Changes made at Wed Dec 10 10:20:47 UTC 2025
Changes made at Wed Dec 10 14:19:59 UTC 2025
Changes made at Wed Dec 10 16:24:38 UTC 2025
Changes made at Thu Dec 11 08:26:35 UTC 2025
Changes made at Thu Dec 11 10:21:20 UTC 2025
Changes made at Thu Dec 11 14:20:17 UTC 2025
Changes made at Thu Dec 11 16:27:11 UTC 2025
Changes made at Fri Dec 12 08:26:21 UTC 2025
Changes made at Fri Dec 12 10:19:51 UTC 2025
Changes made at Fri Dec 12 14:17:34 UTC 2025
Changes made at Fri Dec 12 16:21:54 UTC 2025
Changes made at Sat Dec 13 08:21:35 UTC 2025
Changes made at Sat Dec 13 10:17:06 UTC 2025
Changes made at Sat Dec 13 14:15:30 UTC 2025
Changes made at Sat Dec 13 16:20:46 UTC 2025
Changes made at Sun Dec 14 08:22:17 UTC 2025
Changes made at Sun Dec 14 10:17:12 UTC 2025
Changes made at Sun Dec 14 14:15:31 UTC 2025
Changes made at Sun Dec 14 16:20:20 UTC 2025
Changes made at Mon Dec 15 08:28:32 UTC 2025
Changes made at Mon Dec 15 10:22:35 UTC 2025
Changes made at Mon Dec 15 14:22:09 UTC 2025
Changes made at Mon Dec 15 16:27:19 UTC 2025
Changes made at Tue Dec 16 08:26:50 UTC 2025
Changes made at Tue Dec 16 10:21:14 UTC 2025
Changes made at Tue Dec 16 14:20:58 UTC 2025
Changes made at Tue Dec 16 16:25:12 UTC 2025
Changes made at Wed Dec 17 08:26:36 UTC 2025
Changes made at Wed Dec 17 10:21:01 UTC 2025
Changes made at Wed Dec 17 14:19:46 UTC 2025
Changes made at Wed Dec 17 16:24:38 UTC 2025
Changes made at Thu Dec 18 08:26:02 UTC 2025
Changes made at Thu Dec 18 10:20:11 UTC 2025
Changes made at Thu Dec 18 14:19:40 UTC 2025
Changes made at Thu Dec 18 16:26:06 UTC 2025
Changes made at Fri Dec 19 08:25:45 UTC 2025
Changes made at Fri Dec 19 10:19:24 UTC 2025
Changes made at Fri Dec 19 14:18:36 UTC 2025
Changes made at Fri Dec 19 16:22:46 UTC 2025
Changes made at Sat Dec 20 08:21:41 UTC 2025
Changes made at Sat Dec 20 10:17:15 UTC 2025
Changes made at Sat Dec 20 14:15:40 UTC 2025
Changes made at Sat Dec 20 16:20:29 UTC 2025
Changes made at Sun Dec 21 08:22:25 UTC 2025
Changes made at Sun Dec 21 10:17:28 UTC 2025
Changes made at Sun Dec 21 14:15:53 UTC 2025
Changes made at Sun Dec 21 16:20:15 UTC 2025
Changes made at Mon Dec 22 08:27:05 UTC 2025
Changes made at Mon Dec 22 10:20:00 UTC 2025
Changes made at Mon Dec 22 14:18:30 UTC 2025
Changes made at Mon Dec 22 16:22:39 UTC 2025
Changes made at Tue Dec 23 08:26:20 UTC 2025
Changes made at Tue Dec 23 10:20:31 UTC 2025
Changes made at Tue Dec 23 14:18:49 UTC 2025
Changes made at Tue Dec 23 16:23:37 UTC 2025
Changes made at Wed Dec 24 08:26:05 UTC 2025
Changes made at Wed Dec 24 10:19:23 UTC 2025
Changes made at Wed Dec 24 14:17:33 UTC 2025
Changes made at Wed Dec 24 16:21:58 UTC 2025
Changes made at Thu Dec 25 08:25:04 UTC 2025
Changes made at Thu Dec 25 10:19:11 UTC 2025
Changes made at Thu Dec 25 14:17:13 UTC 2025
Changes made at Thu Dec 25 16:22:18 UTC 2025
Changes made at Fri Dec 26 08:24:49 UTC 2025
Changes made at Fri Dec 26 10:19:05 UTC 2025
Changes made at Fri Dec 26 14:17:43 UTC 2025
Changes made at Fri Dec 26 16:20:35 UTC 2025
Changes made at Sat Dec 27 08:22:47 UTC 2025
Changes made at Sat Dec 27 10:17:25 UTC 2025
Changes made at Sat Dec 27 14:16:07 UTC 2025
Changes made at Sat Dec 27 16:20:55 UTC 2025
Changes made at Sun Dec 28 08:23:06 UTC 2025
Changes made at Sun Dec 28 10:17:48 UTC 2025
Changes made at Sun Dec 28 14:16:29 UTC 2025
Changes made at Sun Dec 28 16:21:07 UTC 2025
Changes made at Mon Dec 29 08:27:56 UTC 2025
Changes made at Mon Dec 29 10:20:28 UTC 2025
Changes made at Mon Dec 29 14:19:11 UTC 2025
Changes made at Mon Dec 29 16:22:14 UTC 2025
Changes made at Tue Dec 30 08:25:53 UTC 2025
Changes made at Tue Dec 30 10:20:10 UTC 2025
Changes made at Tue Dec 30 14:18:38 UTC 2025
Changes made at Tue Dec 30 16:23:37 UTC 2025
Changes made at Wed Dec 31 08:25:51 UTC 2025
Changes made at Wed Dec 31 10:19:30 UTC 2025
Changes made at Wed Dec 31 14:17:37 UTC 2025
Changes made at Wed Dec 31 16:22:32 UTC 2025
Changes made at Thu Jan  1 08:25:59 UTC 2026
Changes made at Thu Jan  1 10:19:51 UTC 2026
Changes made at Thu Jan  1 14:17:19 UTC 2026
Changes made at Thu Jan  1 16:22:48 UTC 2026
Changes made at Fri Jan  2 08:25:37 UTC 2026
Changes made at Fri Jan  2 10:18:39 UTC 2026
Changes made at Fri Jan  2 14:18:00 UTC 2026
Changes made at Fri Jan  2 16:21:56 UTC 2026
Changes made at Sat Jan  3 08:23:42 UTC 2026
Changes made at Sat Jan  3 10:17:54 UTC 2026
Changes made at Sat Jan  3 14:16:07 UTC 2026
Changes made at Sat Jan  3 16:20:59 UTC 2026
Changes made at Sun Jan  4 08:24:13 UTC 2026
Changes made at Sun Jan  4 10:17:49 UTC 2026
Changes made at Sun Jan  4 14:15:45 UTC 2026
Changes made at Sun Jan  4 16:20:41 UTC 2026
Changes made at Mon Jan  5 08:28:59 UTC 2026
Changes made at Mon Jan  5 10:21:57 UTC 2026
Changes made at Mon Jan  5 14:21:43 UTC 2026
Changes made at Mon Jan  5 16:24:00 UTC 2026
Changes made at Tue Jan  6 08:27:06 UTC 2026
Changes made at Tue Jan  6 10:20:44 UTC 2026
Changes made at Tue Jan  6 14:19:48 UTC 2026
Changes made at Tue Jan  6 16:25:04 UTC 2026
Changes made at Wed Jan  7 08:27:00 UTC 2026
Changes made at Wed Jan  7 10:21:10 UTC 2026
Changes made at Wed Jan  7 14:21:08 UTC 2026
Changes made at Wed Jan  7 16:27:04 UTC 2026
Changes made at Thu Jan  8 08:27:06 UTC 2026
Changes made at Thu Jan  8 10:21:24 UTC 2026
Changes made at Thu Jan  8 14:22:18 UTC 2026
Changes made at Thu Jan  8 16:26:35 UTC 2026
Changes made at Fri Jan  9 08:27:03 UTC 2026
Changes made at Fri Jan  9 10:20:03 UTC 2026
Changes made at Fri Jan  9 14:21:07 UTC 2026
Changes made at Fri Jan  9 16:24:09 UTC 2026
Changes made at Sat Jan 10 08:22:53 UTC 2026
Changes made at Sat Jan 10 10:18:16 UTC 2026
Changes made at Sat Jan 10 14:16:24 UTC 2026
Changes made at Sat Jan 10 16:20:47 UTC 2026
Changes made at Sun Jan 11 08:23:08 UTC 2026
Changes made at Sun Jan 11 10:18:34 UTC 2026
Changes made at Sun Jan 11 14:16:37 UTC 2026
Changes made at Sun Jan 11 16:20:50 UTC 2026
Changes made at Mon Jan 12 08:28:42 UTC 2026
Changes made at Mon Jan 12 10:22:39 UTC 2026
Changes made at Mon Jan 12 14:22:47 UTC 2026
Changes made at Mon Jan 12 16:23:59 UTC 2026
Changes made at Tue Jan 13 08:27:17 UTC 2026
Changes made at Tue Jan 13 10:20:55 UTC 2026
Changes made at Tue Jan 13 14:22:48 UTC 2026
Changes made at Tue Jan 13 16:28:28 UTC 2026
Changes made at Wed Jan 14 08:27:02 UTC 2026
Changes made at Wed Jan 14 10:21:46 UTC 2026
Changes made at Wed Jan 14 14:22:46 UTC 2026
Changes made at Wed Jan 14 16:26:55 UTC 2026
Changes made at Thu Jan 15 08:27:47 UTC 2026
Changes made at Thu Jan 15 10:21:15 UTC 2026
Changes made at Thu Jan 15 14:22:02 UTC 2026
Changes made at Thu Jan 15 16:31:37 UTC 2026
Changes made at Fri Jan 16 08:26:56 UTC 2026
Changes made at Fri Jan 16 10:20:35 UTC 2026
Changes made at Fri Jan 16 14:20:40 UTC 2026
Changes made at Fri Jan 16 16:25:17 UTC 2026
Changes made at Sat Jan 17 08:22:36 UTC 2026
Changes made at Sat Jan 17 10:18:07 UTC 2026
Changes made at Sat Jan 17 14:16:41 UTC 2026
Changes made at Sat Jan 17 16:19:52 UTC 2026
Changes made at Sun Jan 18 08:23:13 UTC 2026
Changes made at Sun Jan 18 10:18:29 UTC 2026
Changes made at Sun Jan 18 14:16:08 UTC 2026
Changes made at Sun Jan 18 16:20:50 UTC 2026
Changes made at Mon Jan 19 08:28:56 UTC 2026
Changes made at Mon Jan 19 10:25:39 UTC 2026
Changes made at Mon Jan 19 14:24:42 UTC 2026
Changes made at Mon Jan 19 16:26:11 UTC 2026
Changes made at Tue Jan 20 08:28:29 UTC 2026
Changes made at Tue Jan 20 10:24:29 UTC 2026
Changes made at Tue Jan 20 14:28:04 UTC 2026
Changes made at Tue Jan 20 16:31:47 UTC 2026
Changes made at Wed Jan 21 08:28:33 UTC 2026
Changes made at Wed Jan 21 10:25:02 UTC 2026
Changes made at Wed Jan 21 14:27:54 UTC 2026
Changes made at Wed Jan 21 16:41:24 UTC 2026
Changes made at Thu Jan 22 08:28:34 UTC 2026
Changes made at Thu Jan 22 10:24:35 UTC 2026
Changes made at Thu Jan 22 14:27:57 UTC 2026
Changes made at Thu Jan 22 16:31:58 UTC 2026
Changes made at Fri Jan 23 08:26:49 UTC 2026
Changes made at Fri Jan 23 10:21:53 UTC 2026
Changes made at Fri Jan 23 14:22:43 UTC 2026
Changes made at Fri Jan 23 16:27:02 UTC 2026
Changes made at Sat Jan 24 08:23:42 UTC 2026
Changes made at Sat Jan 24 10:18:35 UTC 2026
Changes made at Sat Jan 24 14:17:16 UTC 2026
Changes made at Sat Jan 24 16:21:23 UTC 2026
Changes made at Sun Jan 25 08:24:12 UTC 2026
Changes made at Sun Jan 25 10:19:29 UTC 2026
Changes made at Sun Jan 25 14:16:36 UTC 2026
Changes made at Sun Jan 25 16:21:59 UTC 2026
Changes made at Mon Jan 26 08:28:56 UTC 2026
Changes made at Mon Jan 26 10:23:40 UTC 2026
Changes made at Mon Jan 26 14:25:55 UTC 2026
Changes made at Mon Jan 26 16:30:24 UTC 2026
Changes made at Tue Jan 27 08:29:38 UTC 2026
Changes made at Tue Jan 27 10:24:42 UTC 2026
Changes made at Tue Jan 27 14:26:51 UTC 2026
Changes made at Tue Jan 27 16:27:17 UTC 2026
Changes made at Wed Jan 28 08:28:26 UTC 2026
Changes made at Wed Jan 28 10:25:27 UTC 2026
Changes made at Wed Jan 28 14:26:44 UTC 2026
Changes made at Wed Jan 28 16:33:24 UTC 2026
Changes made at Thu Jan 29 08:35:37 UTC 2026
Changes made at Thu Jan 29 10:33:53 UTC 2026
Changes made at Thu Jan 29 14:36:02 UTC 2026
Changes made at Thu Jan 29 16:40:11 UTC 2026
Changes made at Fri Jan 30 08:34:14 UTC 2026
Changes made at Fri Jan 30 10:30:45 UTC 2026
Changes made at Fri Jan 30 14:33:32 UTC 2026
Changes made at Fri Jan 30 16:35:21 UTC 2026
Changes made at Sat Jan 31 08:26:44 UTC 2026
Changes made at Sat Jan 31 10:20:47 UTC 2026
Changes made at Sat Jan 31 14:21:04 UTC 2026
Changes made at Sat Jan 31 16:24:52 UTC 2026
Changes made at Sun Feb  1 08:28:53 UTC 2026
Changes made at Sun Feb  1 10:22:04 UTC 2026
Changes made at Sun Feb  1 14:23:13 UTC 2026
Changes made at Sun Feb  1 16:26:11 UTC 2026
Changes made at Mon Feb  2 08:39:11 UTC 2026
Changes made at Mon Feb  2 10:40:56 UTC 2026
Changes made at Mon Feb  2 14:38:26 UTC 2026
Changes made at Mon Feb  2 16:36:09 UTC 2026
Changes made at Tue Feb  3 08:32:33 UTC 2026
Changes made at Tue Feb  3 10:36:46 UTC 2026
Changes made at Tue Feb  3 14:40:51 UTC 2026
Changes made at Tue Feb  3 16:50:22 UTC 2026
Changes made at Wed Feb  4 08:37:44 UTC 2026
Changes made at Wed Feb  4 10:35:14 UTC 2026
Changes made at Wed Feb  4 14:38:11 UTC 2026
Changes made at Wed Feb  4 16:42:54 UTC 2026
Changes made at Thu Feb  5 08:39:28 UTC 2026
Changes made at Thu Feb  5 10:37:16 UTC 2026
Changes made at Thu Feb  5 14:40:26 UTC 2026
Changes made at Thu Feb  5 16:42:57 UTC 2026
Changes made at Fri Feb  6 08:37:46 UTC 2026
Changes made at Fri Feb  6 10:35:53 UTC 2026
Changes made at Fri Feb  6 14:37:25 UTC 2026
Changes made at Fri Feb  6 16:40:18 UTC 2026
Changes made at Sat Feb  7 08:27:57 UTC 2026
Changes made at Sat Feb  7 10:22:25 UTC 2026
Changes made at Sat Feb  7 14:23:09 UTC 2026
Changes made at Sat Feb  7 16:26:13 UTC 2026
Changes made at Sun Feb  8 08:29:40 UTC 2026
Changes made at Sun Feb  8 10:23:45 UTC 2026
Changes made at Sun Feb  8 14:25:02 UTC 2026
Changes made at Sun Feb  8 16:27:23 UTC 2026
Changes made at Mon Feb  9 08:47:38 UTC 2026
Changes made at Mon Feb  9 10:53:17 UTC 2026
Changes made at Mon Feb  9 14:48:56 UTC 2026
Changes made at Tue Feb 10 08:52:15 UTC 2026
Changes made at Tue Feb 10 10:52:07 UTC 2026
Changes made at Tue Feb 10 14:55:24 UTC 2026
Changes made at Tue Feb 10 16:59:50 UTC 2026
Changes made at Wed Feb 11 08:44:37 UTC 2026
Changes made at Wed Feb 11 10:47:22 UTC 2026
Changes made at Wed Feb 11 14:50:07 UTC 2026
Changes made at Wed Feb 11 17:01:47 UTC 2026
Changes made at Thu Feb 12 08:41:47 UTC 2026
Changes made at Thu Feb 12 10:41:43 UTC 2026
Changes made at Thu Feb 12 14:44:04 UTC 2026
Changes made at Thu Feb 12 16:55:10 UTC 2026
Changes made at Fri Feb 13 08:38:56 UTC 2026
Changes made at Fri Feb 13 10:36:32 UTC 2026
Changes made at Fri Feb 13 14:38:12 UTC 2026
Changes made at Fri Feb 13 16:41:52 UTC 2026
Changes made at Sat Feb 14 08:28:06 UTC 2026
Changes made at Sat Feb 14 10:23:06 UTC 2026
Changes made at Sat Feb 14 14:23:49 UTC 2026
Changes made at Sat Feb 14 16:26:23 UTC 2026
Changes made at Sun Feb 15 08:29:45 UTC 2026
Changes made at Sun Feb 15 14:24:30 UTC 2026
Changes made at Sun Feb 15 16:26:35 UTC 2026
Changes made at Mon Feb 16 08:42:30 UTC 2026
Changes made at Mon Feb 16 10:45:58 UTC 2026
Changes made at Mon Feb 16 14:39:01 UTC 2026
Changes made at Mon Feb 16 16:39:23 UTC 2026
Changes made at Tue Feb 17 08:41:01 UTC 2026
Changes made at Tue Feb 17 10:41:21 UTC 2026
Changes made at Tue Feb 17 14:42:12 UTC 2026
Changes made at Tue Feb 17 16:53:41 UTC 2026
Changes made at Wed Feb 18 08:40:43 UTC 2026
Changes made at Wed Feb 18 10:41:01 UTC 2026
Changes made at Wed Feb 18 14:41:20 UTC 2026
Changes made at Wed Feb 18 16:59:54 UTC 2026
Changes made at Thu Feb 19 08:39:44 UTC 2026
Changes made at Thu Feb 19 10:39:41 UTC 2026
Changes made at Thu Feb 19 14:43:20 UTC 2026
Changes made at Thu Feb 19 16:48:59 UTC 2026
Changes made at Fri Feb 20 08:36:50 UTC 2026
Changes made at Fri Feb 20 10:34:08 UTC 2026
Changes made at Fri Feb 20 14:37:12 UTC 2026
Changes made at Fri Feb 20 16:34:44 UTC 2026
Changes made at Sat Feb 21 08:26:53 UTC 2026
Changes made at Sat Feb 21 10:22:42 UTC 2026
Changes made at Sat Feb 21 14:23:33 UTC 2026
Changes made at Sat Feb 21 16:24:43 UTC 2026
Changes made at Sun Feb 22 08:28:40 UTC 2026
Changes made at Sun Feb 22 10:21:53 UTC 2026
Changes made at Sun Feb 22 14:23:02 UTC 2026
Changes made at Sun Feb 22 16:26:32 UTC 2026
Changes made at Mon Feb 23 08:45:36 UTC 2026
Changes made at Mon Feb 23 10:47:38 UTC 2026
Changes made at Mon Feb 23 14:42:31 UTC 2026
Changes made at Mon Feb 23 16:53:43 UTC 2026
Changes made at Tue Feb 24 08:42:30 UTC 2026
